data,z,err
35.25995,0.02509,0.18602795709288117
35.81677,0.02915,0.10799969602183586
36.05743,0.03264,0.13499186581946004
36.05504,0.03705,0.10025074860415764
36.42577,0.04439,0.17997428819444417
37.02932,0.05262,0.11308052634554774
37.60601,0.07083,0.17979403556951992
39.46035,0.14631,0.16298139766226474
39.99299,0.20699,0.15959379142598434
40.24418,0.22453,0.12491608269984719
40.59366,0.24605,0.10076381936143607
40.44445,0.26996,0.1486473440746595
40.79063,0.28805,0.12664314634338614
41.1145,0.30477,0.19322263395596626
41.09362,0.3192,0.2632191105636206
41.34494,0.33121,0.12844487693605305
41.1826,0.3378,0.24069425250222465
41.29064,0.34601,0.15415611337458768
41.59729,0.35831,0.12068530991256975
41.48063,0.36672,0.13942865147396966
41.50847,0.38137,0.19567847924454365
41.6875,0.39362,0.31467707074558704
41.73184,0.40841,0.1677339002979801
41.7406,0.4242,0.15510494122302507
41.75842,0.43311,0.1681889270074081
41.80379,0.4438,0.17873062342327772
41.89377,0.45332,0.1956031327026375
42.26696,0.46192,0.13519608760351579
42.05073,0.4733,0.1580593451921062
42.11261,0.48607,0.24263232742547228
42.33984,0.4965,0.25242209109456026
42.05343,0.50827,0.13205696215099805
42.36599,0.52211,0.1284567303710716
42.28223,0.52971,0.13571659736647396
42.52552,0.53944,0.13631985171793237
42.76064,0.5502,0.14745732020223837
42.4109,0.55763,0.2606010348753342
42.62418,0.56584,0.17013548702806394
42.76313,0.57821,0.18333507330522414
42.6563,0.58627,0.2109941672957559
42.53003,0.5975,0.24470822274253706
42.93457,0.60736,0.20744391086378094
42.74788,0.61393,0.1529331318084591
42.79865,0.62411,0.13103245364827718
42.72109,0.63503,0.2768582489057369
42.77065,0.64795,0.12121139529967843
43.03976,0.65526,0.18437384151808012
42.88121,0.66666,0.14039212547738417
43.19335,0.68138,0.16638729776666167
43.03551,0.69191,0.13021183922414892
43.38242,0.70875,0.22876904117321614
43.38401,0.73469,0.3214423697527045
43.51644,0.75356,0.15046169256928865
43.1707,0.78049,0.1463875025673686
43.40055,0.80342,0.15654223520544086
43.66835,0.83706,0.14617610504629186
43.87985,0.88189,0.3130314854572301
44.13386,0.96329,0.2221248319740206
